<?xml version="1.0" encoding="UTF-8"?>
<export version="D">
  <design>
    <source>C:\Users\vib10128\ShareFile\Personal Folders\11 SIMPLESTAT\HardwareRepository\simpleStat2.1_Board\simpleStat2.1_Board.sch</source>
    <date>14/06/2020 22:13:18</date>
    <tool>Eeschema (5.0.1)-3</tool>
    <sheet number="1" name="/" tstamps="/">
      <title_block>
        <title>SimpleStat Version 2.0 Schematic Layout</title>
        <company>University of Strathclyde</company>
        <rev>2.0</rev>
        <date>2020-04-01</date>
        <source>simpleStat2.1_Board.sch</source>
        <comment number="1" value=""/>
        <comment number="2" value=""/>
        <comment number="3" value=""/>
        <comment number="4" value=""/>
      </title_block>
    </sheet>
  </design>
  <components>
    <comp ref="U1">
      <value>LMP7704</value>
      <footprint>Package_SO:SOIC-14_3.9x8.7mm_P1.27mm</footprint>
      <libsource lib="simpleStat2.1_Board-rescue" part="LMP7704-simpleStat2_library-simpleStat2_Board-rescue" description=""/>
      <sheetpath names="/" tstamps="/"/>
      <tstamp>5E020A1F</tstamp>
    </comp>
    <comp ref="U6">
      <value>TS3A4751PWR</value>
      <footprint>Package_SO:TSSOP-14_4.4x5mm_P0.65mm</footprint>
      <libsource lib="simpleStat2.1_Board-rescue" part="MAX4737_v2-simpleStat2_library-simpleStat2_Board-rescue" description=""/>
      <sheetpath names="/" tstamps="/"/>
      <tstamp>5E025A14</tstamp>
    </comp>
    <comp ref="U7">
      <value>MAX4617</value>
      <footprint>Package_SO:SOIC-16_3.9x9.9mm_P1.27mm</footprint>
      <libsource lib="simpleStat2.1_Board-rescue" part="MAX4617-simpleStat2_library-simpleStat2_Board-rescue" description=""/>
      <sheetpath names="/" tstamps="/"/>
      <tstamp>5E3C6BF1</tstamp>
    </comp>
    <comp ref="U3">
      <value>REF2930</value>
      <footprint>Package_TO_SOT_SMD:SOT-23</footprint>
      <datasheet>http://datasheets.maximintegrated.com/en/ds/MAX6100-MAX6107.pdf</datasheet>
      <libsource lib="simpleStat2.1_Board-rescue" part="REF2912-simpleStat2_library-simpleStat2_Board-rescue" description=""/>
      <sheetpath names="/" tstamps="/"/>
      <tstamp>5E3C7D8B</tstamp>
    </comp>
    <comp ref="U2">
      <value>ATxmega128A4U-AU</value>
      <footprint>Package_QFP:TQFP-44_10x10mm_P0.8mm</footprint>
      <datasheet>http://ww1.microchip.com/downloads/en/DeviceDoc/Atmel-8387-8-and16-bit-AVR-Microcontroller-XMEGA-A4U_Datasheet.pdf</datasheet>
      <libsource lib="simpleStat2.1_Board-rescue" part="ATxmega128A4U-AU-simpleStat2_library-simpleStat2_Board-rescue" description=""/>
      <sheetpath names="/" tstamps="/"/>
      <tstamp>5E3CB38E</tstamp>
    </comp>
    <comp ref="J1">
      <value>USB_B_Micro</value>
      <footprint>Connector_USB:USB_Micro-B_Wuerth_629105150521</footprint>
      <datasheet>~</datasheet>
      <libsource lib="Connector" part="USB_B_Micro" description="USB Micro Type B connector"/>
      <sheetpath names="/" tstamps="/"/>
      <tstamp>5E3CB65E</tstamp>
    </comp>
    <comp ref="R1">
      <value>2k</value>
      <footprint>Resistor_SMD:R_0805_2012Metric</footprint>
      <datasheet>~</datasheet>
      <libsource lib="Device" part="R" description="Resistor"/>
      <sheetpath names="/" tstamps="/"/>
      <tstamp>5E3D1359</tstamp>
    </comp>
    <comp ref="R2">
      <value>4k7</value>
      <footprint>Resistor_SMD:R_0805_2012Metric</footprint>
      <datasheet>~</datasheet>
      <libsource lib="Device" part="R" description="Resistor"/>
      <sheetpath names="/" tstamps="/"/>
      <tstamp>5E3D2996</tstamp>
    </comp>
    <comp ref="R3">
      <value>10k</value>
      <footprint>Resistor_SMD:R_0805_2012Metric</footprint>
      <datasheet>~</datasheet>
      <libsource lib="Device" part="R" description="Resistor"/>
      <sheetpath names="/" tstamps="/"/>
      <tstamp>5E3D3183</tstamp>
    </comp>
    <comp ref="R4">
      <value>20k</value>
      <footprint>Resistor_SMD:R_0805_2012Metric</footprint>
      <datasheet>~</datasheet>
      <libsource lib="Device" part="R" description="Resistor"/>
      <sheetpath names="/" tstamps="/"/>
      <tstamp>5E3D3969</tstamp>
    </comp>
    <comp ref="R5">
      <value>47k</value>
      <footprint>Resistor_SMD:R_0805_2012Metric</footprint>
      <datasheet>~</datasheet>
      <libsource lib="Device" part="R" description="Resistor"/>
      <sheetpath names="/" tstamps="/"/>
      <tstamp>5E3D4152</tstamp>
    </comp>
    <comp ref="R6">
      <value>200k</value>
      <footprint>Resistor_SMD:R_0805_2012Metric</footprint>
      <datasheet>~</datasheet>
      <libsource lib="Device" part="R" description="Resistor"/>
      <sheetpath names="/" tstamps="/"/>
      <tstamp>5E3D493E</tstamp>
    </comp>
    <comp ref="R7">
      <value>470k</value>
      <footprint>Resistor_SMD:R_0805_2012Metric</footprint>
      <datasheet>~</datasheet>
      <libsource lib="Device" part="R" description="Resistor"/>
      <sheetpath names="/" tstamps="/"/>
      <tstamp>5E3D5127</tstamp>
    </comp>
    <comp ref="R8">
      <value>1M</value>
      <footprint>Resistor_SMD:R_0805_2012Metric</footprint>
      <datasheet>~</datasheet>
      <libsource lib="Device" part="R" description="Resistor"/>
      <sheetpath names="/" tstamps="/"/>
      <tstamp>5E3D5911</tstamp>
    </comp>
    <comp ref="J2">
      <value>Screw_Terminal_01x03</value>
      <footprint>TerminalBlock_TE-Connectivity:TerminalBlock_TE_282834-3_1x03_P2.54mm_Horizontal</footprint>
      <datasheet>~</datasheet>
      <libsource lib="Connector" part="Screw_Terminal_01x03" description="Generic screw terminal, single row, 01x03, script generated (kicad-library-utils/schlib/autogen/connector/)"/>
      <sheetpath names="/" tstamps="/"/>
      <tstamp>5E3E3C4B</tstamp>
    </comp>
    <comp ref="C3">
      <value>100n</value>
      <footprint>Capacitor_SMD:C_0805_2012Metric</footprint>
      <datasheet>~</datasheet>
      <libsource lib="Device" part="C" description="Unpolarized capacitor"/>
      <sheetpath names="/" tstamps="/"/>
      <tstamp>5E850E6B</tstamp>
    </comp>
    <comp ref="C2">
      <value>100n</value>
      <footprint>Capacitor_SMD:C_0805_2012Metric</footprint>
      <datasheet>~</datasheet>
      <libsource lib="Device" part="C" description="Unpolarized capacitor"/>
      <sheetpath names="/" tstamps="/"/>
      <tstamp>5E850EE7</tstamp>
    </comp>
    <comp ref="C1">
      <value>100n</value>
      <footprint>Capacitor_SMD:C_0805_2012Metric</footprint>
      <datasheet>~</datasheet>
      <libsource lib="Device" part="C" description="Unpolarized capacitor"/>
      <sheetpath names="/" tstamps="/"/>
      <tstamp>5E850F63</tstamp>
    </comp>
    <comp ref="R9">
      <value>10k</value>
      <footprint>Resistor_SMD:R_0805_2012Metric</footprint>
      <datasheet>~</datasheet>
      <libsource lib="Device" part="R" description="Resistor"/>
      <sheetpath names="/" tstamps="/"/>
      <tstamp>5E85111E</tstamp>
    </comp>
    <comp ref="R10">
      <value>470</value>
      <footprint>Resistor_SMD:R_0805_2012Metric</footprint>
      <datasheet>~</datasheet>
      <libsource lib="Device" part="R" description="Resistor"/>
      <sheetpath names="/" tstamps="/"/>
      <tstamp>5E85119E</tstamp>
    </comp>
    <comp ref="SW1">
      <value>SW_DIP_x01</value>
      <footprint>Button_Switch_SMD:Panasonic_EVQPUJ_EVQPUA</footprint>
      <libsource lib="Switch" part="SW_DIP_x01" description="1x DIP Switch, Single Pole Single Throw (SPST) switch, small symbol"/>
      <sheetpath names="/" tstamps="/"/>
      <tstamp>5E8513A9</tstamp>
    </comp>
    <comp ref="C4">
      <value>100n</value>
      <footprint>Capacitor_SMD:C_0805_2012Metric</footprint>
      <datasheet>~</datasheet>
      <libsource lib="Device" part="C" description="Unpolarized capacitor"/>
      <sheetpath names="/" tstamps="/"/>
      <tstamp>5E880525</tstamp>
    </comp>
    <comp ref="FB1">
      <value>Ferrite_Bead</value>
      <footprint>Inductor_SMD:L_0805_2012Metric</footprint>
      <datasheet>~</datasheet>
      <libsource lib="Device" part="Ferrite_Bead" description="Ferrite bead"/>
      <sheetpath names="/" tstamps="/"/>
      <tstamp>5E861698</tstamp>
    </comp>
    <comp ref="U8">
      <value>TCR2EF36_SOT23</value>
      <footprint>Package_TO_SOT_SMD:SOT-23</footprint>
      <datasheet>http://www.st.com/content/ccc/resource/technical/document/datasheet/15/55/e5/aa/23/5b/43/fd/CD00000446.pdf/files/CD00000446.pdf/jcr:content/translations/en.CD00000446.pdf</datasheet>
      <libsource lib="Regulator_Linear" part="L78L05_SOT89" description="Positive 100mA 30V Linear Regulator, Fixed Output 5V, SOT-89"/>
      <sheetpath names="/" tstamps="/"/>
      <tstamp>5EDFD7C0</tstamp>
    </comp>
    <comp ref="D2">
      <value>LED</value>
      <footprint>LED_SMD:LED_0805_2012Metric</footprint>
      <datasheet>~</datasheet>
      <libsource lib="Device" part="LED" description="Light emitting diode"/>
      <sheetpath names="/" tstamps="/"/>
      <tstamp>5EE1FAC2</tstamp>
    </comp>
    <comp ref="D1">
      <value>LED</value>
      <footprint>LED_SMD:LED_0805_2012Metric</footprint>
      <datasheet>~</datasheet>
      <libsource lib="Device" part="LED" description="Light emitting diode"/>
      <sheetpath names="/" tstamps="/"/>
      <tstamp>5EE1FC42</tstamp>
    </comp>
    <comp ref="U9">
      <value>TPD2S017</value>
      <footprint>Package_TO_SOT_SMD:SOT-23-6</footprint>
      <datasheet>http://www.ti.com/lit/ds/symlink/tpd2s017.pdf</datasheet>
      <libsource lib="Power_Protection" part="TPD2S017" description="2-Channel Ultra-Low Clamp Voltage ESD Solution With Series-Resistor Isolation, SOT-23"/>
      <sheetpath names="/" tstamps="/"/>
      <tstamp>5EE2C2AE</tstamp>
    </comp>
    <comp ref="R11">
      <value>10k</value>
      <footprint>Resistor_SMD:R_0805_2012Metric</footprint>
      <datasheet>284-APC0805T10K0Z</datasheet>
      <libsource lib="Device" part="R" description="Resistor"/>
      <sheetpath names="/" tstamps="/"/>
      <tstamp>5EE580D6</tstamp>
    </comp>
    <comp ref="R13">
      <value>0</value>
      <footprint>Resistor_SMD:R_0805_2012Metric</footprint>
      <datasheet>~</datasheet>
      <libsource lib="Device" part="R" description="Resistor"/>
      <sheetpath names="/" tstamps="/"/>
      <tstamp>5EE80FA5</tstamp>
    </comp>
    <comp ref="R12">
      <value>0</value>
      <footprint>Resistor_SMD:R_0805_2012Metric</footprint>
      <datasheet>~</datasheet>
      <libsource lib="Device" part="R" description="Resistor"/>
      <sheetpath names="/" tstamps="/"/>
      <tstamp>5EE8112A</tstamp>
    </comp>
    <comp ref="R14">
      <value>0</value>
      <footprint>Resistor_SMD:R_0805_2012Metric</footprint>
      <datasheet>~</datasheet>
      <libsource lib="Device" part="R" description="Resistor"/>
      <sheetpath names="/" tstamps="/"/>
      <tstamp>5EE8B8D1</tstamp>
    </comp>
    <comp ref="C5">
      <value>100n</value>
      <footprint>Capacitor_SMD:C_0805_2012Metric</footprint>
      <datasheet>~</datasheet>
      <libsource lib="Device" part="C" description="Unpolarized capacitor"/>
      <sheetpath names="/" tstamps="/"/>
      <tstamp>5EEC0CCE</tstamp>
    </comp>
    <comp ref="C6">
      <value>100n</value>
      <footprint>Capacitor_SMD:C_0805_2012Metric</footprint>
      <datasheet>~</datasheet>
      <libsource lib="Device" part="C" description="Unpolarized capacitor"/>
      <sheetpath names="/" tstamps="/"/>
      <tstamp>5EED52A5</tstamp>
    </comp>
    <comp ref="C7">
      <value>100n</value>
      <footprint>Capacitor_SMD:C_0805_2012Metric</footprint>
      <datasheet>~</datasheet>
      <libsource lib="Device" part="C" description="Unpolarized capacitor"/>
      <sheetpath names="/" tstamps="/"/>
      <tstamp>5EEF9E52</tstamp>
    </comp>
    <comp ref="D3">
      <value>LED</value>
      <footprint>LED_SMD:LED_0805_2012Metric</footprint>
      <datasheet>~</datasheet>
      <libsource lib="Device" part="LED" description="Light emitting diode"/>
      <sheetpath names="/" tstamps="/"/>
      <tstamp>5EF491EC</tstamp>
    </comp>
    <comp ref="R16">
      <value>470</value>
      <footprint>Resistor_SMD:R_0805_2012Metric</footprint>
      <datasheet>~</datasheet>
      <libsource lib="Device" part="R" description="Resistor"/>
      <sheetpath names="/" tstamps="/"/>
      <tstamp>5EF509A3</tstamp>
    </comp>
    <comp ref="R17">
      <value>470</value>
      <footprint>Resistor_SMD:R_0805_2012Metric</footprint>
      <datasheet>~</datasheet>
      <libsource lib="Device" part="R" description="Resistor"/>
      <sheetpath names="/" tstamps="/"/>
      <tstamp>5EF50A3F</tstamp>
    </comp>
    <comp ref="R15">
      <value>470</value>
      <footprint>Resistor_SMD:R_0805_2012Metric</footprint>
      <datasheet>284-APC0805T10K0Z</datasheet>
      <libsource lib="Device" part="R" description="Resistor"/>
      <sheetpath names="/" tstamps="/"/>
      <tstamp>5EF8B32C</tstamp>
    </comp>
    <comp ref="C8">
      <value>100n</value>
      <footprint>Capacitor_SMD:C_0805_2012Metric</footprint>
      <datasheet>~</datasheet>
      <libsource lib="Device" part="C" description="Unpolarized capacitor"/>
      <sheetpath names="/" tstamps="/"/>
      <tstamp>5F02DD21</tstamp>
    </comp>
    <comp ref="RN1">
      <value>R_Pack02</value>
      <footprint>Resistor_SMD:R_Array_Convex_2x0606</footprint>
      <datasheet>~</datasheet>
      <libsource lib="Device" part="R_Pack02" description="2 resistor network, parallel topology, DIP package"/>
      <sheetpath names="/" tstamps="/"/>
      <tstamp>5EE449AE</tstamp>
    </comp>
    <comp ref="RN2">
      <value>R_Pack02</value>
      <footprint>Resistor_SMD:R_Array_Convex_2x0606</footprint>
      <datasheet>~</datasheet>
      <libsource lib="Device" part="R_Pack02" description="2 resistor network, parallel topology, DIP package"/>
      <sheetpath names="/" tstamps="/"/>
      <tstamp>5EE44B4F</tstamp>
    </comp>
    <comp ref="C9">
      <value>100n</value>
      <footprint>Capacitor_SMD:C_0805_2012Metric</footprint>
      <datasheet>~</datasheet>
      <libsource lib="Device" part="C" description="Unpolarized capacitor"/>
      <sheetpath names="/" tstamps="/"/>
      <tstamp>5EE6727E</tstamp>
    </comp>
    <comp ref="J4">
      <value>Conn_02x02_Counter_Clockwise</value>
      <footprint>Connector_PinHeader_2.54mm:PinHeader_2x02_P2.54mm_Vertical</footprint>
      <datasheet>~</datasheet>
      <libsource lib="Connector_Generic" part="Conn_02x02_Counter_Clockwise" description="Generic connector, double row, 02x02, counter clockwise pin numbering scheme (similar to DIP packge numbering), script generated (kicad-library-utils/schlib/autogen/connector/)"/>
      <sheetpath names="/" tstamps="/"/>
      <tstamp>5EE8B41A</tstamp>
    </comp>
    <comp ref="J5">
      <value>Conn_02x03_Counter_Clockwise</value>
      <footprint>Connector_PinHeader_2.54mm:PinHeader_2x03_P2.54mm_Vertical</footprint>
      <datasheet>~</datasheet>
      <libsource lib="Connector_Generic" part="Conn_02x03_Counter_Clockwise" description="Generic connector, double row, 02x03, counter clockwise pin numbering scheme (similar to DIP packge numbering), script generated (kicad-library-utils/schlib/autogen/connector/)"/>
      <sheetpath names="/" tstamps="/"/>
      <tstamp>5EE95706</tstamp>
    </comp>
    <comp ref="J7">
      <value>Conn_02x09_Odd_Even</value>
      <footprint>Connector_PinSocket_2.54mm:PinSocket_2x09_P2.54mm_Vertical</footprint>
      <datasheet>~</datasheet>
      <libsource lib="Connector_Generic" part="Conn_02x09_Odd_Even" description="Generic connector, double row, 02x09, odd/even pin numbering scheme (row 1 odd numbers, row 2 even numbers), script generated (kicad-library-utils/schlib/autogen/connector/)"/>
      <sheetpath names="/" tstamps="/"/>
      <tstamp>5EE95E56</tstamp>
    </comp>
    <comp ref="J8">
      <value>Conn_02x09_Odd_Even</value>
      <footprint>Connector_PinSocket_2.54mm:PinSocket_2x09_P2.54mm_Vertical</footprint>
      <datasheet>~</datasheet>
      <libsource lib="Connector_Generic" part="Conn_02x09_Odd_Even" description="Generic connector, double row, 02x09, odd/even pin numbering scheme (row 1 odd numbers, row 2 even numbers), script generated (kicad-library-utils/schlib/autogen/connector/)"/>
      <sheetpath names="/" tstamps="/"/>
      <tstamp>5EE990CA</tstamp>
    </comp>
    <comp ref="J9">
      <value>Conn_01x04</value>
      <footprint>simplestat_libraries:Micrux_Connector_footprint_for_TE_2306334-3_spring</footprint>
      <datasheet>~</datasheet>
      <libsource lib="Connector_Generic" part="Conn_01x04" description="Generic connector, single row, 01x04, script generated (kicad-library-utils/schlib/autogen/connector/)"/>
      <sheetpath names="/" tstamps="/"/>
      <tstamp>5EE594C7</tstamp>
    </comp>
    <comp ref="R18">
      <value>0</value>
      <footprint>Resistor_SMD:R_0805_2012Metric</footprint>
      <datasheet>~</datasheet>
      <libsource lib="Device" part="R" description="Resistor"/>
      <sheetpath names="/" tstamps="/"/>
      <tstamp>5EE83BC9</tstamp>
    </comp>
    <comp ref="R19">
      <value>0</value>
      <footprint>Resistor_SMD:R_0805_2012Metric</footprint>
      <datasheet>~</datasheet>
      <libsource lib="Device" part="R" description="Resistor"/>
      <sheetpath names="/" tstamps="/"/>
      <tstamp>5EE83E88</tstamp>
    </comp>
    <comp ref="R20">
      <value>0</value>
      <footprint>Resistor_SMD:R_0805_2012Metric</footprint>
      <datasheet>~</datasheet>
      <libsource lib="Device" part="R" description="Resistor"/>
      <sheetpath names="/" tstamps="/"/>
      <tstamp>5EE8411F</tstamp>
    </comp>
  </components>
  <libparts>
    <libpart lib="Connector" part="Screw_Terminal_01x03">
      <description>Generic screw terminal, single row, 01x03, script generated (kicad-library-utils/schlib/autogen/connector/)</description>
      <docs>~</docs>
      <footprints>
        <fp>TerminalBlock*:*</fp>
      </footprints>
      <fields>
        <field name="Reference">J</field>
        <field name="Value">Screw_Terminal_01x03</field>
      </fields>
      <pins>
        <pin num="1" name="Pin_1" type="passive"/>
        <pin num="2" name="Pin_2" type="passive"/>
        <pin num="3" name="Pin_3" type="passive"/>
      </pins>
    </libpart>
    <libpart lib="Connector" part="USB_B_Micro">
      <aliases>
        <alias>USB_B_Mini</alias>
      </aliases>
      <description>USB Micro Type B connector</description>
      <docs>~</docs>
      <footprints>
        <fp>USB*</fp>
      </footprints>
      <fields>
        <field name="Reference">J</field>
        <field name="Value">USB_B_Micro</field>
      </fields>
      <pins>
        <pin num="1" name="VBUS" type="power_out"/>
        <pin num="2" name="D-" type="passive"/>
        <pin num="3" name="D+" type="passive"/>
        <pin num="4" name="ID" type="passive"/>
        <pin num="5" name="GND" type="power_out"/>
        <pin num="6" name="Shield" type="passive"/>
      </pins>
    </libpart>
    <libpart lib="Connector_Generic" part="Conn_01x04">
      <description>Generic connector, single row, 01x04, script generated (kicad-library-utils/schlib/autogen/connector/)</description>
      <docs>~</docs>
      <footprints>
        <fp>Connector*:*_1x??_*</fp>
      </footprints>
      <fields>
        <field name="Reference">J</field>
        <field name="Value">Conn_01x04</field>
      </fields>
      <pins>
        <pin num="1" name="Pin_1" type="passive"/>
        <pin num="2" name="Pin_2" type="passive"/>
        <pin num="3" name="Pin_3" type="passive"/>
        <pin num="4" name="Pin_4" type="passive"/>
      </pins>
    </libpart>
    <libpart lib="Connector_Generic" part="Conn_02x02_Counter_Clockwise">
      <description>Generic connector, double row, 02x02, counter clockwise pin numbering scheme (similar to DIP packge numbering), script generated (kicad-library-utils/schlib/autogen/connector/)</description>
      <docs>~</docs>
      <footprints>
        <fp>Connector*:*_2x??_*</fp>
      </footprints>
      <fields>
        <field name="Reference">J</field>
        <field name="Value">Conn_02x02_Counter_Clockwise</field>
      </fields>
      <pins>
        <pin num="1" name="Pin_1" type="passive"/>
        <pin num="2" name="Pin_2" type="passive"/>
        <pin num="3" name="Pin_3" type="passive"/>
        <pin num="4" name="Pin_4" type="passive"/>
      </pins>
    </libpart>
    <libpart lib="Connector_Generic" part="Conn_02x03_Counter_Clockwise">
      <description>Generic connector, double row, 02x03, counter clockwise pin numbering scheme (similar to DIP packge numbering), script generated (kicad-library-utils/schlib/autogen/connector/)</description>
      <docs>~</docs>
      <footprints>
        <fp>Connector*:*_2x??_*</fp>
      </footprints>
      <fields>
        <field name="Reference">J</field>
        <field name="Value">Conn_02x03_Counter_Clockwise</field>
      </fields>
      <pins>
        <pin num="1" name="Pin_1" type="passive"/>
        <pin num="2" name="Pin_2" type="passive"/>
        <pin num="3" name="Pin_3" type="passive"/>
        <pin num="4" name="Pin_4" type="passive"/>
        <pin num="5" name="Pin_5" type="passive"/>
        <pin num="6" name="Pin_6" type="passive"/>
      </pins>
    </libpart>
    <libpart lib="Connector_Generic" part="Conn_02x09_Odd_Even">
      <description>Generic connector, double row, 02x09, odd/even pin numbering scheme (row 1 odd numbers, row 2 even numbers), script generated (kicad-library-utils/schlib/autogen/connector/)</description>
      <docs>~</docs>
      <footprints>
        <fp>Connector*:*_2x??_*</fp>
      </footprints>
      <fields>
        <field name="Reference">J</field>
        <field name="Value">Conn_02x09_Odd_Even</field>
      </fields>
      <pins>
        <pin num="1" name="Pin_1" type="passive"/>
        <pin num="2" name="Pin_2" type="passive"/>
        <pin num="3" name="Pin_3" type="passive"/>
        <pin num="4" name="Pin_4" type="passive"/>
        <pin num="5" name="Pin_5" type="passive"/>
        <pin num="6" name="Pin_6" type="passive"/>
        <pin num="7" name="Pin_7" type="passive"/>
        <pin num="8" name="Pin_8" type="passive"/>
        <pin num="9" name="Pin_9" type="passive"/>
        <pin num="10" name="Pin_10" type="passive"/>
        <pin num="11" name="Pin_11" type="passive"/>
        <pin num="12" name="Pin_12" type="passive"/>
        <pin num="13" name="Pin_13" type="passive"/>
        <pin num="14" name="Pin_14" type="passive"/>
        <pin num="15" name="Pin_15" type="passive"/>
        <pin num="16" name="Pin_16" type="passive"/>
        <pin num="17" name="Pin_17" type="passive"/>
        <pin num="18" name="Pin_18" type="passive"/>
      </pins>
    </libpart>
    <libpart lib="Device" part="C">
      <description>Unpolarized capacitor</description>
      <docs>~</docs>
      <footprints>
        <fp>C_*</fp>
      </footprints>
      <fields>
        <field name="Reference">C</field>
        <field name="Value">C</field>
      </fields>
      <pins>
        <pin num="1" name="~" type="passive"/>
        <pin num="2" name="~" type="passive"/>
      </pins>
    </libpart>
    <libpart lib="Device" part="Ferrite_Bead">
      <description>Ferrite bead</description>
      <docs>~</docs>
      <footprints>
        <fp>Inductor_*</fp>
        <fp>L_*</fp>
        <fp>*Ferrite*</fp>
      </footprints>
      <fields>
        <field name="Reference">FB</field>
        <field name="Value">Ferrite_Bead</field>
      </fields>
      <pins>
        <pin num="1" name="~" type="passive"/>
        <pin num="2" name="~" type="passive"/>
      </pins>
    </libpart>
    <libpart lib="Device" part="LED">
      <description>Light emitting diode</description>
      <docs>~</docs>
      <footprints>
        <fp>LED*</fp>
        <fp>LED_SMD:*</fp>
        <fp>LED_THT:*</fp>
      </footprints>
      <fields>
        <field name="Reference">D</field>
        <field name="Value">LED</field>
      </fields>
      <pins>
        <pin num="1" name="K" type="passive"/>
        <pin num="2" name="A" type="passive"/>
      </pins>
    </libpart>
    <libpart lib="Device" part="R">
      <description>Resistor</description>
      <docs>~</docs>
      <footprints>
        <fp>R_*</fp>
      </footprints>
      <fields>
        <field name="Reference">R</field>
        <field name="Value">R</field>
      </fields>
      <pins>
        <pin num="1" name="~" type="passive"/>
        <pin num="2" name="~" type="passive"/>
      </pins>
    </libpart>
    <libpart lib="Device" part="R_Pack02">
      <description>2 resistor network, parallel topology, DIP package</description>
      <docs>~</docs>
      <footprints>
        <fp>DIP*</fp>
        <fp>SOIC*</fp>
      </footprints>
      <fields>
        <field name="Reference">RN</field>
        <field name="Value">R_Pack02</field>
      </fields>
      <pins>
        <pin num="1" name="R1.1" type="passive"/>
        <pin num="2" name="R2.1" type="passive"/>
        <pin num="3" name="R2.2" type="passive"/>
        <pin num="4" name="R1.2" type="passive"/>
      </pins>
    </libpart>
    <libpart lib="Power_Protection" part="TPD2S017">
      <description>2-Channel Ultra-Low Clamp Voltage ESD Solution With Series-Resistor Isolation, SOT-23</description>
      <docs>http://www.ti.com/lit/ds/symlink/tpd2s017.pdf</docs>
      <footprints>
        <fp>SOT?23*</fp>
      </footprints>
      <fields>
        <field name="Reference">U</field>
        <field name="Value">TPD2S017</field>
        <field name="Footprint">Package_TO_SOT_SMD:SOT-23-6</field>
      </fields>
      <pins>
        <pin num="1" name="CH1Out" type="passive"/>
        <pin num="2" name="GND" type="power_in"/>
        <pin num="3" name="CH1In" type="passive"/>
        <pin num="4" name="CH2Int" type="passive"/>
        <pin num="5" name="VCC" type="power_in"/>
        <pin num="6" name="CH2Out" type="passive"/>
      </pins>
    </libpart>
    <libpart lib="Regulator_Linear" part="MC78L05_SOT89">
      <aliases>
        <alias>MC78L08_SOT89</alias>
        <alias>MC78L12_SOT89</alias>
        <alias>L78L33_SOT89</alias>
        <alias>L78L05_SOT89</alias>
        <alias>L78L06_SOT89</alias>
        <alias>L78L08_SOT89</alias>
        <alias>L78L09_SOT89</alias>
        <alias>L78L10_SOT89</alias>
        <alias>L78L12_SOT89</alias>
        <alias>L78L15_SOT89</alias>
        <alias>L78L18_SOT89</alias>
        <alias>L78L24_SOT89</alias>
        <alias>MCP1804x-1802xMB</alias>
        <alias>MCP1804x-2502xMB</alias>
        <alias>MCP1804x-3002xMB</alias>
        <alias>MCP1804x-3302xMB</alias>
        <alias>MCP1804x-5002xMB</alias>
        <alias>MCP1804x-A002xMB</alias>
        <alias>MCP1804x-C002xMB</alias>
      </aliases>
      <description>Positive 100mA 30V Linear Regulator, Fixed Output 5V, SOT-89</description>
      <docs>http://www.fairchildsemi.com/ds/LM/LM78L05A.pdf</docs>
      <footprints>
        <fp>SOT?89*</fp>
      </footprints>
      <fields>
        <field name="Reference">U</field>
        <field name="Value">MC78L05_SOT89</field>
        <field name="Footprint">Package_TO_SOT_SMD:SOT-89-3</field>
      </fields>
      <pins>
        <pin num="1" name="OUT" type="power_out"/>
        <pin num="2" name="GND" type="power_in"/>
        <pin num="3" name="IN" type="power_in"/>
      </pins>
    </libpart>
    <libpart lib="Switch" part="SW_DIP_x01">
      <description>1x DIP Switch, Single Pole Single Throw (SPST) switch, small symbol</description>
      <footprints>
        <fp>SW?DIP?x1*</fp>
      </footprints>
      <fields>
        <field name="Reference">SW</field>
        <field name="Value">SW_DIP_x01</field>
      </fields>
      <pins>
        <pin num="1" name="~" type="passive"/>
        <pin num="2" name="~" type="passive"/>
      </pins>
    </libpart>
    <libpart lib="simpleStat2.1_Board-rescue" part="ATxmega128A4U-AU-simpleStat2_library-simpleStat2_Board-rescue">
      <footprints>
        <fp>TQFP*10x10mm*P0.8mm*</fp>
      </footprints>
      <fields>
        <field name="Reference">U</field>
        <field name="Value">ATxmega128A4U-AU-simpleStat2_library-simpleStat2_Board-rescue</field>
        <field name="Footprint">Package_QFP:TQFP-44_10x10mm_P0.8mm</field>
      </fields>
      <pins>
        <pin num="1" name="PA5" type="3state"/>
        <pin num="2" name="PA6" type="3state"/>
        <pin num="3" name="PA7" type="3state"/>
        <pin num="4" name="AREFB/PB0" type="3state"/>
        <pin num="5" name="PB1" type="3state"/>
        <pin num="6" name="PB2" type="3state"/>
        <pin num="7" name="PB3" type="3state"/>
        <pin num="8" name="GND" type="power_in"/>
        <pin num="9" name="VCC" type="power_in"/>
        <pin num="10" name="PC0" type="3state"/>
        <pin num="11" name="PC1" type="3state"/>
        <pin num="12" name="PC2" type="3state"/>
        <pin num="13" name="PC3" type="3state"/>
        <pin num="14" name="PC4" type="3state"/>
        <pin num="15" name="PC5" type="3state"/>
        <pin num="16" name="PC6" type="3state"/>
        <pin num="17" name="PC7" type="3state"/>
        <pin num="18" name="GND" type="passive"/>
        <pin num="19" name="VCC" type="power_in"/>
        <pin num="20" name="PD0" type="3state"/>
        <pin num="21" name="PD1" type="3state"/>
        <pin num="22" name="PD2" type="3state"/>
        <pin num="23" name="PD3" type="3state"/>
        <pin num="24" name="PD4" type="3state"/>
        <pin num="25" name="PD5" type="3state"/>
        <pin num="26" name="PD6" type="3state"/>
        <pin num="27" name="PD7" type="3state"/>
        <pin num="28" name="PE0" type="3state"/>
        <pin num="29" name="PE1" type="3state"/>
        <pin num="30" name="GND" type="passive"/>
        <pin num="31" name="VCC" type="power_in"/>
        <pin num="32" name="PE2" type="3state"/>
        <pin num="33" name="PE3" type="3state"/>
        <pin num="34" name="PDI_DATA" type="input"/>
        <pin num="35" name="~RESET~/PDI_CLK" type="input"/>
        <pin num="36" name="PR0/XTAL2" type="3state"/>
        <pin num="37" name="PR1/XTAL1" type="3state"/>
        <pin num="38" name="GND" type="power_in"/>
        <pin num="39" name="AVCC" type="power_in"/>
        <pin num="40" name="AREFA/PA0" type="3state"/>
        <pin num="41" name="PA1" type="3state"/>
        <pin num="42" name="PA2" type="3state"/>
        <pin num="43" name="PA3" type="3state"/>
        <pin num="44" name="PA4" type="3state"/>
      </pins>
    </libpart>
    <libpart lib="simpleStat2.1_Board-rescue" part="LMP7704-simpleStat2_library-simpleStat2_Board-rescue">
      <footprints>
        <fp>SOIC*3.9x8.7mm*P1.27mm*</fp>
        <fp>DIP*W7.62mm*</fp>
        <fp>TSSOP*4.4x5mm*P0.65mm*</fp>
        <fp>SSOP*5.3x6.2mm*P0.65mm*</fp>
      </footprints>
      <fields>
        <field name="Reference">U</field>
        <field name="Value">LMP7704-simpleStat2_library-simpleStat2_Board-rescue</field>
      </fields>
      <pins>
        <pin num="1" name="~" type="output"/>
        <pin num="2" name="-" type="input"/>
        <pin num="3" name="+" type="input"/>
        <pin num="4" name="V+" type="power_in"/>
        <pin num="5" name="+" type="input"/>
        <pin num="6" name="-" type="input"/>
        <pin num="7" name="~" type="output"/>
        <pin num="8" name="~" type="output"/>
        <pin num="9" name="-" type="input"/>
        <pin num="10" name="+" type="input"/>
        <pin num="11" name="V-" type="power_in"/>
        <pin num="12" name="+" type="input"/>
        <pin num="13" name="-" type="input"/>
        <pin num="14" name="~" type="output"/>
      </pins>
    </libpart>
    <libpart lib="simpleStat2.1_Board-rescue" part="MAX4617-simpleStat2_library-simpleStat2_Board-rescue">
      <fields>
        <field name="Reference">U</field>
        <field name="Value">MAX4617-simpleStat2_library-simpleStat2_Board-rescue</field>
        <field name="Footprint">Package_SO:SOIC-16_3.9x9.9mm_P1.27mm</field>
      </fields>
      <pins>
        <pin num="1" name="X4" type="passive"/>
        <pin num="2" name="X6" type="passive"/>
        <pin num="3" name="X" type="passive"/>
        <pin num="4" name="X7" type="passive"/>
        <pin num="5" name="X5" type="passive"/>
        <pin num="6" name="Enable" type="passive"/>
        <pin num="7" name="N.C" type="passive"/>
        <pin num="8" name="GND" type="passive"/>
        <pin num="9" name="C" type="passive"/>
        <pin num="10" name="B" type="passive"/>
        <pin num="11" name="A" type="passive"/>
        <pin num="12" name="X3" type="passive"/>
        <pin num="13" name="X0" type="passive"/>
        <pin num="14" name="X1" type="passive"/>
        <pin num="15" name="X2" type="passive"/>
        <pin num="16" name="Vcc" type="passive"/>
      </pins>
    </libpart>
    <libpart lib="simpleStat2.1_Board-rescue" part="MAX4737_v2-simpleStat2_library-simpleStat2_Board-rescue">
      <fields>
        <field name="Reference">U</field>
        <field name="Value">MAX4737_v2-simpleStat2_library-simpleStat2_Board-rescue</field>
      </fields>
      <pins>
        <pin num="1" name="NO1" type="passive"/>
        <pin num="2" name="COM1" type="passive"/>
        <pin num="3" name="NO2" type="passive"/>
        <pin num="4" name="COM2" type="passive"/>
        <pin num="5" name="IN2" type="passive"/>
        <pin num="6" name="IN3" type="passive"/>
        <pin num="7" name="GND" type="passive"/>
        <pin num="8" name="NO3" type="passive"/>
        <pin num="9" name="COM3" type="passive"/>
        <pin num="10" name="COM4" type="passive"/>
        <pin num="11" name="NO4" type="passive"/>
        <pin num="12" name="IN4" type="passive"/>
        <pin num="13" name="IN1" type="passive"/>
        <pin num="14" name="V+" type="passive"/>
      </pins>
    </libpart>
    <libpart lib="simpleStat2.1_Board-rescue" part="REF2912-simpleStat2_library-simpleStat2_Board-rescue">
      <footprints>
        <fp>SOT?23*</fp>
      </footprints>
      <fields>
        <field name="Reference">U</field>
        <field name="Value">REF2912-simpleStat2_library-simpleStat2_Board-rescue</field>
        <field name="Footprint">Package_TO_SOT_SMD:SOT-23</field>
      </fields>
      <pins>
        <pin num="1" name="IN" type="power_in"/>
        <pin num="2" name="OUT" type="power_out"/>
        <pin num="3" name="GND" type="power_in"/>
      </pins>
    </libpart>
  </libparts>
  <libraries>
    <library logical="Connector">
      <uri>C:\Program Files\KiCad\share\kicad\library/Connector.lib</uri>
    </library>
    <library logical="Connector_Generic">
      <uri>C:\Program Files\KiCad\share\kicad\library/Connector_Generic.lib</uri>
    </library>
    <library logical="Device">
      <uri>C:\Program Files\KiCad\share\kicad\library/Device.lib</uri>
    </library>
    <library logical="Power_Protection">
      <uri>C:\Program Files\KiCad\share\kicad\library/Power_Protection.lib</uri>
    </library>
    <library logical="Regulator_Linear">
      <uri>C:\Program Files\KiCad\share\kicad\library/Regulator_Linear.lib</uri>
    </library>
    <library logical="Switch">
      <uri>C:\Program Files\KiCad\share\kicad\library/Switch.lib</uri>
    </library>
    <library logical="simpleStat2.1_Board-rescue">
      <uri>C:\Users\vib10128\ShareFile\Personal Folders\11 SIMPLESTAT\HardwareRepository\simpleStat2.1_Board/simpleStat2.1_Board-rescue.lib</uri>
    </library>
  </libraries>
  <nets>
    <net code="1" name="/CNTR">
      <node ref="J2" pin="1"/>
      <node ref="J4" pin="1"/>
      <node ref="U6" pin="2"/>
      <node ref="J9" pin="1"/>
      <node ref="U6" pin="11"/>
    </net>
    <net code="2" name="/WKG">
      <node ref="U6" pin="4"/>
      <node ref="U6" pin="8"/>
      <node ref="J9" pin="3"/>
      <node ref="J4" pin="4"/>
      <node ref="J2" pin="3"/>
    </net>
    <net code="3" name="GNDA">
      <node ref="C6" pin="2"/>
      <node ref="C5" pin="2"/>
      <node ref="R12" pin="1"/>
      <node ref="R18" pin="1"/>
      <node ref="R19" pin="1"/>
      <node ref="R20" pin="1"/>
      <node ref="J4" pin="3"/>
      <node ref="RN1" pin="2"/>
      <node ref="R13" pin="1"/>
      <node ref="U7" pin="6"/>
      <node ref="U6" pin="7"/>
      <node ref="R14" pin="1"/>
      <node ref="U7" pin="8"/>
      <node ref="C7" pin="2"/>
      <node ref="U1" pin="11"/>
      <node ref="U3" pin="3"/>
    </net>
    <net code="4" name="Net-(J1-Pad2)">
      <node ref="U9" pin="4"/>
      <node ref="J1" pin="2"/>
    </net>
    <net code="5" name="Net-(J1-Pad3)">
      <node ref="U9" pin="3"/>
      <node ref="J1" pin="3"/>
    </net>
    <net code="6" name="Net-(U1-Pad1)">
      <node ref="U1" pin="5"/>
      <node ref="U7" pin="3"/>
      <node ref="U1" pin="1"/>
    </net>
    <net code="7" name="/PB3">
      <node ref="J7" pin="4"/>
      <node ref="U1" pin="7"/>
      <node ref="U1" pin="6"/>
      <node ref="U2" pin="7"/>
    </net>
    <net code="8" name="Net-(R11-Pad1)">
      <node ref="R11" pin="1"/>
      <node ref="U6" pin="9"/>
    </net>
    <net code="9" name="/REF">
      <node ref="U1" pin="10"/>
      <node ref="U6" pin="1"/>
      <node ref="J2" pin="2"/>
      <node ref="J4" pin="2"/>
      <node ref="J9" pin="4"/>
      <node ref="R11" pin="2"/>
    </net>
    <net code="10" name="Net-(C8-Pad1)">
      <node ref="C8" pin="1"/>
      <node ref="SW1" pin="1"/>
      <node ref="R10" pin="2"/>
    </net>
    <net code="11" name="/RESET">
      <node ref="J5" pin="3"/>
      <node ref="R10" pin="1"/>
      <node ref="R9" pin="2"/>
      <node ref="U2" pin="35"/>
    </net>
    <net code="12" name="Net-(D2-Pad2)">
      <node ref="R17" pin="2"/>
      <node ref="D2" pin="2"/>
    </net>
    <net code="13" name="Net-(D1-Pad2)">
      <node ref="R16" pin="2"/>
      <node ref="D1" pin="2"/>
    </net>
    <net code="14" name="Net-(U9-Pad5)">
      <node ref="U9" pin="5"/>
    </net>
    <net code="15" name="/Vcc">
      <node ref="J5" pin="6"/>
      <node ref="C5" pin="1"/>
      <node ref="J7" pin="1"/>
      <node ref="C6" pin="1"/>
      <node ref="U1" pin="4"/>
      <node ref="U7" pin="16"/>
      <node ref="U6" pin="14"/>
      <node ref="R15" pin="1"/>
      <node ref="C9" pin="1"/>
      <node ref="C7" pin="1"/>
      <node ref="U3" pin="1"/>
      <node ref="U8" pin="1"/>
      <node ref="FB1" pin="1"/>
    </net>
    <net code="16" name="/VBUS">
      <node ref="U8" pin="3"/>
      <node ref="J1" pin="1"/>
    </net>
    <net code="17" name="/PD6">
      <node ref="U2" pin="26"/>
      <node ref="J8" pin="5"/>
      <node ref="U9" pin="6"/>
    </net>
    <net code="18" name="/PD7">
      <node ref="U2" pin="27"/>
      <node ref="U9" pin="1"/>
      <node ref="J8" pin="6"/>
    </net>
    <net code="19" name="Net-(J5-Pad5)">
      <node ref="J5" pin="5"/>
    </net>
    <net code="20" name="GND">
      <node ref="U9" pin="2"/>
      <node ref="C1" pin="2"/>
      <node ref="C9" pin="2"/>
      <node ref="U2" pin="30"/>
      <node ref="U2" pin="38"/>
      <node ref="U2" pin="38"/>
      <node ref="U8" pin="2"/>
      <node ref="D3" pin="1"/>
      <node ref="U2" pin="18"/>
      <node ref="J5" pin="4"/>
      <node ref="J1" pin="5"/>
      <node ref="C3" pin="2"/>
      <node ref="J7" pin="18"/>
      <node ref="U2" pin="18"/>
      <node ref="C4" pin="2"/>
      <node ref="R14" pin="2"/>
      <node ref="U2" pin="30"/>
      <node ref="SW1" pin="2"/>
      <node ref="C2" pin="2"/>
      <node ref="D2" pin="1"/>
      <node ref="R20" pin="2"/>
      <node ref="R19" pin="2"/>
      <node ref="R12" pin="2"/>
      <node ref="R13" pin="2"/>
      <node ref="R18" pin="2"/>
      <node ref="D1" pin="1"/>
      <node ref="U2" pin="8"/>
      <node ref="C8" pin="2"/>
    </net>
    <net code="21" name="Net-(J9-Pad2)">
      <node ref="J9" pin="2"/>
    </net>
    <net code="22" name="Net-(C1-Pad1)">
      <node ref="U2" pin="31"/>
      <node ref="U2" pin="39"/>
      <node ref="U2" pin="31"/>
      <node ref="C3" pin="1"/>
      <node ref="U2" pin="9"/>
      <node ref="U2" pin="19"/>
      <node ref="U2" pin="19"/>
      <node ref="R9" pin="1"/>
      <node ref="C1" pin="1"/>
      <node ref="C2" pin="1"/>
      <node ref="FB1" pin="2"/>
      <node ref="C4" pin="1"/>
    </net>
    <net code="23" name="/PC5">
      <node ref="R16" pin="1"/>
      <node ref="J8" pin="16"/>
      <node ref="U2" pin="15"/>
    </net>
    <net code="24" name="Net-(RN1-Pad3)">
      <node ref="RN1" pin="4"/>
      <node ref="RN1" pin="3"/>
      <node ref="U1" pin="12"/>
      <node ref="U1" pin="3"/>
    </net>
    <net code="25" name="Net-(D3-Pad2)">
      <node ref="R15" pin="2"/>
      <node ref="D3" pin="2"/>
    </net>
    <net code="26" name="/PC4">
      <node ref="J8" pin="15"/>
      <node ref="U2" pin="14"/>
      <node ref="R17" pin="1"/>
    </net>
    <net code="27" name="Net-(J5-Pad2)">
      <node ref="J5" pin="2"/>
    </net>
    <net code="28" name="Net-(RN2-Pad3)">
      <node ref="RN2" pin="3"/>
      <node ref="U1" pin="13"/>
      <node ref="RN2" pin="4"/>
    </net>
    <net code="29" name="Net-(J1-Pad4)">
      <node ref="J1" pin="4"/>
    </net>
    <net code="30" name="Net-(J1-Pad6)">
      <node ref="J1" pin="6"/>
    </net>
    <net code="31" name="Net-(U1-Pad14)">
      <node ref="U6" pin="10"/>
      <node ref="U1" pin="14"/>
    </net>
    <net code="32" name="/PA0">
      <node ref="U2" pin="40"/>
      <node ref="U6" pin="12"/>
      <node ref="J7" pin="15"/>
    </net>
    <net code="33" name="/PE3">
      <node ref="U2" pin="33"/>
      <node ref="J8" pin="2"/>
    </net>
    <net code="34" name="/PDI">
      <node ref="J5" pin="1"/>
      <node ref="U2" pin="34"/>
    </net>
    <net code="35" name="/PR0">
      <node ref="U2" pin="36"/>
      <node ref="J7" pin="17"/>
    </net>
    <net code="36" name="/PR1">
      <node ref="U2" pin="37"/>
      <node ref="J7" pin="16"/>
    </net>
    <net code="37" name="/VREF">
      <node ref="U3" pin="2"/>
      <node ref="J7" pin="7"/>
      <node ref="U2" pin="4"/>
      <node ref="RN1" pin="1"/>
    </net>
    <net code="38" name="/PA3">
      <node ref="U6" pin="6"/>
      <node ref="J7" pin="12"/>
      <node ref="U2" pin="43"/>
    </net>
    <net code="39" name="/PB1">
      <node ref="U2" pin="5"/>
      <node ref="J7" pin="5"/>
    </net>
    <net code="40" name="/PB2">
      <node ref="RN2" pin="1"/>
      <node ref="J7" pin="6"/>
      <node ref="U2" pin="6"/>
    </net>
    <net code="41" name="/PE2">
      <node ref="J8" pin="1"/>
      <node ref="U2" pin="32"/>
    </net>
    <net code="42" name="/PD2">
      <node ref="J8" pin="9"/>
      <node ref="U7" pin="10"/>
      <node ref="U2" pin="22"/>
    </net>
    <net code="43" name="/PA2">
      <node ref="U2" pin="42"/>
      <node ref="U6" pin="13"/>
      <node ref="J7" pin="13"/>
    </net>
    <net code="44" name="/PA1">
      <node ref="U2" pin="41"/>
      <node ref="U6" pin="5"/>
      <node ref="J7" pin="14"/>
    </net>
    <net code="45" name="Net-(R5-Pad2)">
      <node ref="R5" pin="2"/>
      <node ref="U7" pin="1"/>
    </net>
    <net code="46" name="/PD1">
      <node ref="U2" pin="21"/>
      <node ref="J8" pin="12"/>
      <node ref="U7" pin="11"/>
    </net>
    <net code="47" name="Net-(R4-Pad2)">
      <node ref="U7" pin="12"/>
      <node ref="R4" pin="2"/>
    </net>
    <net code="48" name="Net-(R1-Pad2)">
      <node ref="U7" pin="13"/>
      <node ref="R1" pin="2"/>
    </net>
    <net code="49" name="Net-(R2-Pad2)">
      <node ref="U7" pin="14"/>
      <node ref="R2" pin="2"/>
    </net>
    <net code="50" name="Net-(R3-Pad2)">
      <node ref="U7" pin="15"/>
      <node ref="R3" pin="2"/>
    </net>
    <net code="51" name="Net-(R7-Pad2)">
      <node ref="R7" pin="2"/>
      <node ref="U7" pin="2"/>
    </net>
    <net code="52" name="/PA4">
      <node ref="U1" pin="9"/>
      <node ref="U1" pin="8"/>
      <node ref="U2" pin="44"/>
      <node ref="RN2" pin="2"/>
      <node ref="J7" pin="11"/>
    </net>
    <net code="53" name="Net-(R8-Pad2)">
      <node ref="R8" pin="2"/>
      <node ref="U7" pin="4"/>
    </net>
    <net code="54" name="/PA6">
      <node ref="J7" pin="9"/>
      <node ref="U2" pin="2"/>
    </net>
    <net code="55" name="/PD0">
      <node ref="U2" pin="20"/>
      <node ref="J8" pin="11"/>
    </net>
    <net code="56" name="/PD4">
      <node ref="J8" pin="7"/>
      <node ref="U2" pin="24"/>
    </net>
    <net code="57" name="/PD5">
      <node ref="U2" pin="25"/>
      <node ref="J8" pin="8"/>
    </net>
    <net code="58" name="/PE0">
      <node ref="U2" pin="28"/>
      <node ref="J8" pin="3"/>
    </net>
    <net code="59" name="/PE1">
      <node ref="J8" pin="4"/>
      <node ref="U2" pin="29"/>
    </net>
    <net code="60" name="/PA7">
      <node ref="J7" pin="8"/>
      <node ref="U2" pin="3"/>
    </net>
    <net code="61" name="/PC0">
      <node ref="J7" pin="3"/>
      <node ref="U2" pin="10"/>
    </net>
    <net code="62" name="Net-(R6-Pad2)">
      <node ref="U7" pin="5"/>
      <node ref="R6" pin="2"/>
    </net>
    <net code="63" name="Net-(U7-Pad7)">
      <node ref="U7" pin="7"/>
    </net>
    <net code="64" name="/PD3">
      <node ref="U2" pin="23"/>
      <node ref="U7" pin="9"/>
      <node ref="J8" pin="10"/>
    </net>
    <net code="65" name="/PA5">
      <node ref="J7" pin="10"/>
      <node ref="U2" pin="1"/>
    </net>
    <net code="66" name="/PC1">
      <node ref="U2" pin="11"/>
      <node ref="J7" pin="2"/>
    </net>
    <net code="67" name="/PC2">
      <node ref="J8" pin="17"/>
      <node ref="U2" pin="12"/>
    </net>
    <net code="68" name="/PC3">
      <node ref="U2" pin="13"/>
      <node ref="J8" pin="18"/>
    </net>
    <net code="69" name="/PC6">
      <node ref="U2" pin="16"/>
      <node ref="J8" pin="13"/>
    </net>
    <net code="70" name="/PC7">
      <node ref="J8" pin="14"/>
      <node ref="U2" pin="17"/>
    </net>
    <net code="71" name="Net-(R1-Pad1)">
      <node ref="R1" pin="1"/>
      <node ref="R2" pin="1"/>
      <node ref="R3" pin="1"/>
      <node ref="R4" pin="1"/>
      <node ref="R5" pin="1"/>
      <node ref="R6" pin="1"/>
      <node ref="R7" pin="1"/>
      <node ref="R8" pin="1"/>
      <node ref="U6" pin="3"/>
      <node ref="U1" pin="2"/>
    </net>
  </nets>
</export>
