"Id";"Designator";"Package";"Quantity";"Designation";"Supplier and ref";
1;"REF**,REF**,REF**,REF**,REF**,REF**";"MountingHole_2.2mm_M2";6;"MountingHole_2.2mm_M2";;;
2;"J5";"PinHeader_2x03_P2.54mm_Vertical";1;"Conn_02x03_Counter_Clockwise";;;
3;"J8,J7";"PinSocket_2x09_P2.54mm_Vertical";2;"Conn_02x09_Odd_Even";;;
4;"C1,C2,C3,C4,C5,C6,C7,C8,C9";"C_0805_2012Metric";9;"100n";;;
5;"D1,D2,D3";"LED_0805_2012Metric";3;"LED";;;
6;"FB1";"L_0805_2012Metric";1;"Ferrite_Bead";;;
7;"J1";"USB_Micro-B_Wuerth_629105150521";1;"USB_B_Micro";;;
8;"J2";"TerminalBlock_TE_282834-3_1x03_P2.54mm_Horizontal";1;"Screw_Terminal_01x03";;;
9;"R1";"R_0805_2012Metric";1;"2k";;;
10;"R2";"R_0805_2012Metric";1;"4k7";;;
11;"R3,R9,R11";"R_0805_2012Metric";3;"10k";;;
12;"R4";"R_0805_2012Metric";1;"20k";;;
13;"R5";"R_0805_2012Metric";1;"47k";;;
14;"R6";"R_0805_2012Metric";1;"200k";;;
15;"R7";"R_0805_2012Metric";1;"470k";;;
16;"R8";"R_0805_2012Metric";1;"1M";;;
17;"R10,R15,R16,R17";"R_0805_2012Metric";4;"470";;;
18;"R12,R13,R14,R18,R19,R20";"R_0805_2012Metric";6;"0";;;
19;"RN1,RN2";"R_Array_Convex_2x0606";2;"R_Pack02";;;
20;"U1";"SOIC-14_3.9x8.7mm_P1.27mm";1;"LMP7704";;;
21;"U2";"TQFP-44_10x10mm_P0.8mm";1;"ATxmega128A4U-AU";;;
22;"U3";"SOT-23";1;"REF2930";;;
23;"U6";"TSSOP-14_4.4x5mm_P0.65mm";1;"TS3A4751PWR";;;
24;"U7";"SOIC-16_3.9x9.9mm_P1.27mm";1;"MAX4617";;;
25;"U9";"SOT-23-6";1;"TPD2S017";;;
26;"U8";"SOT-23";1;"TCR2EF36_SOT23";;;
27;"J4";"PinHeader_2x02_P2.54mm_Vertical";1;"Conn_02x02_Counter_Clockwise";;;
28;"J9";"Micrux_Connector_footprint_for_TE_2306334-3_spring";1;"Conn_01x04";;;
29;"SW1";"Panasonic_EVQPUJ_EVQPUA";1;"SW_DIP_x01";;;
