<?xml version="1.0" encoding="UTF-8"?>
<export version="D">
  <design>
    <source>C:\Users\vib10128\ShareFile\Personal Folders\11 SIMPLESTAT\HardwareRepository\simpleStat2_core\simpleStat2_core\simpleStat2_Board\simpleStat2_Board.sch</source>
    <date>02/04/2020 10:57:54</date>
    <tool>Eeschema (5.0.1)-3</tool>
    <sheet number="1" name="/" tstamps="/">
      <title_block>
        <title>SimpleStat Version 2.0 Schematic Layout</title>
        <company>University of Strathclyde</company>
        <rev>2.0</rev>
        <date>2020-04-01</date>
        <source>simpleStat2_Board.sch</source>
        <comment number="1" value=""/>
        <comment number="2" value=""/>
        <comment number="3" value=""/>
        <comment number="4" value=""/>
      </title_block>
    </sheet>
  </design>
  <components>
    <comp ref="U4">
      <value>MAX5491</value>
      <footprint>Package_TO_SOT_SMD:SOT-23</footprint>
      <libsource lib="simpleStat2_library" part="MAX5491" description=""/>
      <sheetpath names="/" tstamps="/"/>
      <tstamp>5E0186B8</tstamp>
    </comp>
    <comp ref="U1">
      <value>LMP7704</value>
      <footprint>Package_SO:SOIC-14_3.9x8.7mm_P1.27mm</footprint>
      <libsource lib="simpleStat2_library" part="LMP7704" description="LMP7704"/>
      <sheetpath names="/" tstamps="/"/>
      <tstamp>5E020A1F</tstamp>
    </comp>
    <comp ref="U5">
      <value>MAX5491</value>
      <footprint>Package_TO_SOT_SMD:SOT-23</footprint>
      <libsource lib="simpleStat2_library" part="MAX5491" description=""/>
      <sheetpath names="/" tstamps="/"/>
      <tstamp>5E020CF4</tstamp>
    </comp>
    <comp ref="U6">
      <value>MAX4737_v2</value>
      <footprint>Package_SO:TSSOP-14_4.4x5mm_P0.65mm</footprint>
      <libsource lib="simpleStat2_library" part="MAX4737_v2" description=""/>
      <sheetpath names="/" tstamps="/"/>
      <tstamp>5E025A14</tstamp>
    </comp>
    <comp ref="U7">
      <value>MAX4617</value>
      <footprint>Package_SO:SOIC-16_3.9x9.9mm_P1.27mm</footprint>
      <libsource lib="simpleStat2_library" part="MAX4617" description=""/>
      <sheetpath names="/" tstamps="/"/>
      <tstamp>5E3C6BF1</tstamp>
    </comp>
    <comp ref="U3">
      <value>REF2912</value>
      <footprint>Package_TO_SOT_SMD:SOT-23</footprint>
      <datasheet>http://datasheets.maximintegrated.com/en/ds/MAX6100-MAX6107.pdf</datasheet>
      <libsource lib="simpleStat2_library" part="REF2912" description="Low-dropout high current voltage reference, 1.800V, ±0.4% accuracy, SOT-23"/>
      <sheetpath names="/" tstamps="/"/>
      <tstamp>5E3C7D8B</tstamp>
    </comp>
    <comp ref="U2">
      <value>ATxmega128A4U-AU</value>
      <footprint>Package_QFP:TQFP-44_10x10mm_P0.8mm</footprint>
      <datasheet>http://ww1.microchip.com/downloads/en/DeviceDoc/Atmel-8387-8-and16-bit-AVR-Microcontroller-XMEGA-A4U_Datasheet.pdf</datasheet>
      <libsource lib="simpleStat2_library" part="ATxmega128A4U-AU" description="32MHz, 128kB Flash, 8kB Boot, 8kB SRAM, 2kB EEPROM, JTAG, USB, TQFP-44"/>
      <sheetpath names="/" tstamps="/"/>
      <tstamp>5E3CB38E</tstamp>
    </comp>
    <comp ref="J1">
      <value>USB_B_Micro</value>
      <footprint>Connector_USB:USB_Micro-B_Wuerth_629105150521</footprint>
      <datasheet>~</datasheet>
      <libsource lib="Connector" part="USB_B_Micro" description="USB Micro Type B connector"/>
      <sheetpath names="/" tstamps="/"/>
      <tstamp>5E3CB65E</tstamp>
    </comp>
    <comp ref="R1">
      <value>R470</value>
      <footprint>Resistor_SMD:R_0805_2012Metric</footprint>
      <datasheet>~</datasheet>
      <libsource lib="Device" part="R" description="Resistor"/>
      <sheetpath names="/" tstamps="/"/>
      <tstamp>5E3D1359</tstamp>
    </comp>
    <comp ref="R2">
      <value>R2K</value>
      <footprint>Resistor_SMD:R_0805_2012Metric</footprint>
      <datasheet>~</datasheet>
      <libsource lib="Device" part="R" description="Resistor"/>
      <sheetpath names="/" tstamps="/"/>
      <tstamp>5E3D2996</tstamp>
    </comp>
    <comp ref="R3">
      <value>R4K7</value>
      <footprint>Resistor_SMD:R_0805_2012Metric</footprint>
      <datasheet>~</datasheet>
      <libsource lib="Device" part="R" description="Resistor"/>
      <sheetpath names="/" tstamps="/"/>
      <tstamp>5E3D3183</tstamp>
    </comp>
    <comp ref="R4">
      <value>R10K</value>
      <footprint>Resistor_SMD:R_0805_2012Metric</footprint>
      <datasheet>~</datasheet>
      <libsource lib="Device" part="R" description="Resistor"/>
      <sheetpath names="/" tstamps="/"/>
      <tstamp>5E3D3969</tstamp>
    </comp>
    <comp ref="R5">
      <value>R20K</value>
      <footprint>Resistor_SMD:R_0805_2012Metric</footprint>
      <datasheet>~</datasheet>
      <libsource lib="Device" part="R" description="Resistor"/>
      <sheetpath names="/" tstamps="/"/>
      <tstamp>5E3D4152</tstamp>
    </comp>
    <comp ref="R6">
      <value>R47K</value>
      <footprint>Resistor_SMD:R_0805_2012Metric</footprint>
      <datasheet>~</datasheet>
      <libsource lib="Device" part="R" description="Resistor"/>
      <sheetpath names="/" tstamps="/"/>
      <tstamp>5E3D493E</tstamp>
    </comp>
    <comp ref="R7">
      <value>R200K</value>
      <footprint>Resistor_SMD:R_0805_2012Metric</footprint>
      <datasheet>~</datasheet>
      <libsource lib="Device" part="R" description="Resistor"/>
      <sheetpath names="/" tstamps="/"/>
      <tstamp>5E3D5127</tstamp>
    </comp>
    <comp ref="R8">
      <value>R470K</value>
      <footprint>Resistor_SMD:R_0805_2012Metric</footprint>
      <datasheet>~</datasheet>
      <libsource lib="Device" part="R" description="Resistor"/>
      <sheetpath names="/" tstamps="/"/>
      <tstamp>5E3D5911</tstamp>
    </comp>
    <comp ref="J2">
      <value>Screw_Terminal_01x03</value>
      <footprint>TerminalBlock_TE-Connectivity:TerminalBlock_TE_282834-3_1x03_P2.54mm_Horizontal</footprint>
      <datasheet>~</datasheet>
      <libsource lib="Connector" part="Screw_Terminal_01x03" description="Generic screw terminal, single row, 01x03, script generated (kicad-library-utils/schlib/autogen/connector/)"/>
      <sheetpath names="/" tstamps="/"/>
      <tstamp>5E3E3C4B</tstamp>
    </comp>
    <comp ref="J3">
      <value>Conn_02x22_Top_Bottom</value>
      <footprint>Connector_PinSocket_2.54mm:PinSocket_2x22_P2.54mm_Vertical</footprint>
      <datasheet>~</datasheet>
      <libsource lib="Connector_Generic" part="Conn_02x22_Top_Bottom" description="Generic connector, double row, 02x22, top/bottom pin numbering scheme (row 1: 1...pins_per_row, row2: pins_per_row+1 ... num_pins), script generated (kicad-library-utils/schlib/autogen/connector/)"/>
      <sheetpath names="/" tstamps="/"/>
      <tstamp>5E433618</tstamp>
    </comp>
    <comp ref="J4">
      <value>Conn_02x04_Top_Bottom</value>
      <footprint>Connector_PinSocket_2.54mm:PinSocket_2x04_P2.54mm_Vertical</footprint>
      <datasheet>~</datasheet>
      <libsource lib="Connector_Generic" part="Conn_02x04_Top_Bottom" description="Generic connector, double row, 02x04, top/bottom pin numbering scheme (row 1: 1...pins_per_row, row2: pins_per_row+1 ... num_pins), script generated (kicad-library-utils/schlib/autogen/connector/)"/>
      <sheetpath names="/" tstamps="/"/>
      <tstamp>5E74DAE1</tstamp>
    </comp>
    <comp ref="C3">
      <value>100n</value>
      <footprint>Capacitor_SMD:C_0805_2012Metric</footprint>
      <datasheet>~</datasheet>
      <libsource lib="Device" part="C" description="Unpolarized capacitor"/>
      <sheetpath names="/" tstamps="/"/>
      <tstamp>5E850E6B</tstamp>
    </comp>
    <comp ref="C2">
      <value>100n</value>
      <footprint>Capacitor_SMD:C_0805_2012Metric</footprint>
      <datasheet>~</datasheet>
      <libsource lib="Device" part="C" description="Unpolarized capacitor"/>
      <sheetpath names="/" tstamps="/"/>
      <tstamp>5E850EE7</tstamp>
    </comp>
    <comp ref="C1">
      <value>100n</value>
      <footprint>Capacitor_SMD:C_0805_2012Metric</footprint>
      <datasheet>~</datasheet>
      <libsource lib="Device" part="C" description="Unpolarized capacitor"/>
      <sheetpath names="/" tstamps="/"/>
      <tstamp>5E850F63</tstamp>
    </comp>
    <comp ref="R9">
      <value>10k</value>
      <footprint>Resistor_SMD:R_0805_2012Metric</footprint>
      <datasheet>~</datasheet>
      <libsource lib="Device" part="R" description="Resistor"/>
      <sheetpath names="/" tstamps="/"/>
      <tstamp>5E85111E</tstamp>
    </comp>
    <comp ref="R10">
      <value>470</value>
      <footprint>Resistor_SMD:R_0805_2012Metric</footprint>
      <datasheet>~</datasheet>
      <libsource lib="Device" part="R" description="Resistor"/>
      <sheetpath names="/" tstamps="/"/>
      <tstamp>5E85119E</tstamp>
    </comp>
    <comp ref="SW1">
      <value>SW_DIP_x01</value>
      <footprint>Button_Switch_SMD:SW_SPST_B3S-1000</footprint>
      <libsource lib="Switch" part="SW_DIP_x01" description="1x DIP Switch, Single Pole Single Throw (SPST) switch, small symbol"/>
      <sheetpath names="/" tstamps="/"/>
      <tstamp>5E8513A9</tstamp>
    </comp>
    <comp ref="C4">
      <value>100n</value>
      <footprint>Capacitor_SMD:C_0805_2012Metric</footprint>
      <datasheet>~</datasheet>
      <libsource lib="Device" part="C" description="Unpolarized capacitor"/>
      <sheetpath names="/" tstamps="/"/>
      <tstamp>5E880525</tstamp>
    </comp>
  </components>
  <libparts>
    <libpart lib="Connector" part="Screw_Terminal_01x03">
      <description>Generic screw terminal, single row, 01x03, script generated (kicad-library-utils/schlib/autogen/connector/)</description>
      <docs>~</docs>
      <footprints>
        <fp>TerminalBlock*:*</fp>
      </footprints>
      <fields>
        <field name="Reference">J</field>
        <field name="Value">Screw_Terminal_01x03</field>
      </fields>
      <pins>
        <pin num="1" name="Pin_1" type="passive"/>
        <pin num="2" name="Pin_2" type="passive"/>
        <pin num="3" name="Pin_3" type="passive"/>
      </pins>
    </libpart>
    <libpart lib="Connector" part="USB_B_Micro">
      <aliases>
        <alias>USB_B_Mini</alias>
      </aliases>
      <description>USB Micro Type B connector</description>
      <docs>~</docs>
      <footprints>
        <fp>USB*</fp>
      </footprints>
      <fields>
        <field name="Reference">J</field>
        <field name="Value">USB_B_Micro</field>
      </fields>
      <pins>
        <pin num="1" name="VBUS" type="power_out"/>
        <pin num="2" name="D-" type="passive"/>
        <pin num="3" name="D+" type="passive"/>
        <pin num="4" name="ID" type="passive"/>
        <pin num="5" name="GND" type="power_out"/>
        <pin num="6" name="Shield" type="passive"/>
      </pins>
    </libpart>
    <libpart lib="Connector_Generic" part="Conn_02x04_Top_Bottom">
      <description>Generic connector, double row, 02x04, top/bottom pin numbering scheme (row 1: 1...pins_per_row, row2: pins_per_row+1 ... num_pins), script generated (kicad-library-utils/schlib/autogen/connector/)</description>
      <docs>~</docs>
      <footprints>
        <fp>Connector*:*_2x??_*</fp>
      </footprints>
      <fields>
        <field name="Reference">J</field>
        <field name="Value">Conn_02x04_Top_Bottom</field>
      </fields>
      <pins>
        <pin num="1" name="Pin_1" type="passive"/>
        <pin num="2" name="Pin_2" type="passive"/>
        <pin num="3" name="Pin_3" type="passive"/>
        <pin num="4" name="Pin_4" type="passive"/>
        <pin num="5" name="Pin_5" type="passive"/>
        <pin num="6" name="Pin_6" type="passive"/>
        <pin num="7" name="Pin_7" type="passive"/>
        <pin num="8" name="Pin_8" type="passive"/>
      </pins>
    </libpart>
    <libpart lib="Connector_Generic" part="Conn_02x22_Top_Bottom">
      <description>Generic connector, double row, 02x22, top/bottom pin numbering scheme (row 1: 1...pins_per_row, row2: pins_per_row+1 ... num_pins), script generated (kicad-library-utils/schlib/autogen/connector/)</description>
      <docs>~</docs>
      <footprints>
        <fp>Connector*:*_2x??_*</fp>
      </footprints>
      <fields>
        <field name="Reference">J</field>
        <field name="Value">Conn_02x22_Top_Bottom</field>
      </fields>
      <pins>
        <pin num="1" name="Pin_1" type="passive"/>
        <pin num="2" name="Pin_2" type="passive"/>
        <pin num="3" name="Pin_3" type="passive"/>
        <pin num="4" name="Pin_4" type="passive"/>
        <pin num="5" name="Pin_5" type="passive"/>
        <pin num="6" name="Pin_6" type="passive"/>
        <pin num="7" name="Pin_7" type="passive"/>
        <pin num="8" name="Pin_8" type="passive"/>
        <pin num="9" name="Pin_9" type="passive"/>
        <pin num="10" name="Pin_10" type="passive"/>
        <pin num="11" name="Pin_11" type="passive"/>
        <pin num="12" name="Pin_12" type="passive"/>
        <pin num="13" name="Pin_13" type="passive"/>
        <pin num="14" name="Pin_14" type="passive"/>
        <pin num="15" name="Pin_15" type="passive"/>
        <pin num="16" name="Pin_16" type="passive"/>
        <pin num="17" name="Pin_17" type="passive"/>
        <pin num="18" name="Pin_18" type="passive"/>
        <pin num="19" name="Pin_19" type="passive"/>
        <pin num="20" name="Pin_20" type="passive"/>
        <pin num="21" name="Pin_21" type="passive"/>
        <pin num="22" name="Pin_22" type="passive"/>
        <pin num="23" name="Pin_23" type="passive"/>
        <pin num="24" name="Pin_24" type="passive"/>
        <pin num="25" name="Pin_25" type="passive"/>
        <pin num="26" name="Pin_26" type="passive"/>
        <pin num="27" name="Pin_27" type="passive"/>
        <pin num="28" name="Pin_28" type="passive"/>
        <pin num="29" name="Pin_29" type="passive"/>
        <pin num="30" name="Pin_30" type="passive"/>
        <pin num="31" name="Pin_31" type="passive"/>
        <pin num="32" name="Pin_32" type="passive"/>
        <pin num="33" name="Pin_33" type="passive"/>
        <pin num="34" name="Pin_34" type="passive"/>
        <pin num="35" name="Pin_35" type="passive"/>
        <pin num="36" name="Pin_36" type="passive"/>
        <pin num="37" name="Pin_37" type="passive"/>
        <pin num="38" name="Pin_38" type="passive"/>
        <pin num="39" name="Pin_39" type="passive"/>
        <pin num="40" name="Pin_40" type="passive"/>
        <pin num="41" name="Pin_41" type="passive"/>
        <pin num="42" name="Pin_42" type="passive"/>
        <pin num="43" name="Pin_43" type="passive"/>
        <pin num="44" name="Pin_44" type="passive"/>
      </pins>
    </libpart>
    <libpart lib="Device" part="C">
      <description>Unpolarized capacitor</description>
      <docs>~</docs>
      <footprints>
        <fp>C_*</fp>
      </footprints>
      <fields>
        <field name="Reference">C</field>
        <field name="Value">C</field>
      </fields>
      <pins>
        <pin num="1" name="~" type="passive"/>
        <pin num="2" name="~" type="passive"/>
      </pins>
    </libpart>
    <libpart lib="Device" part="R">
      <description>Resistor</description>
      <docs>~</docs>
      <footprints>
        <fp>R_*</fp>
      </footprints>
      <fields>
        <field name="Reference">R</field>
        <field name="Value">R</field>
      </fields>
      <pins>
        <pin num="1" name="~" type="passive"/>
        <pin num="2" name="~" type="passive"/>
      </pins>
    </libpart>
    <libpart lib="Switch" part="SW_DIP_x01">
      <description>1x DIP Switch, Single Pole Single Throw (SPST) switch, small symbol</description>
      <footprints>
        <fp>SW?DIP?x1*</fp>
      </footprints>
      <fields>
        <field name="Reference">SW</field>
        <field name="Value">SW_DIP_x01</field>
      </fields>
      <pins>
        <pin num="1" name="~" type="passive"/>
        <pin num="2" name="~" type="passive"/>
      </pins>
    </libpart>
    <libpart lib="simpleStat2_library" part="ATxmega16A4U-AU">
      <aliases>
        <alias>ATxmega32A4U-AU</alias>
        <alias>ATxmega64A4U-AU</alias>
        <alias>ATxmega128A4U-AU</alias>
      </aliases>
      <description>32MHz, 16kB Flash, 4kB Boot, 2kB SRAM, 1kB EEPROM, JTAG, USB, TQFP-44</description>
      <docs>http://ww1.microchip.com/downloads/en/DeviceDoc/Atmel-8387-8-and16-bit-AVR-Microcontroller-XMEGA-A4U_Datasheet.pdf</docs>
      <footprints>
        <fp>TQFP*10x10mm*P0.8mm*</fp>
      </footprints>
      <fields>
        <field name="Reference">U</field>
        <field name="Value">ATxmega16A4U-AU</field>
        <field name="Footprint">Package_QFP:TQFP-44_10x10mm_P0.8mm</field>
      </fields>
      <pins>
        <pin num="1" name="PA5" type="3state"/>
        <pin num="2" name="PA6" type="3state"/>
        <pin num="3" name="PA7" type="3state"/>
        <pin num="4" name="AREFB/PB0" type="3state"/>
        <pin num="5" name="PB1" type="3state"/>
        <pin num="6" name="PB2" type="3state"/>
        <pin num="7" name="PB3" type="3state"/>
        <pin num="8" name="GND" type="power_in"/>
        <pin num="9" name="VCC" type="power_in"/>
        <pin num="10" name="PC0" type="3state"/>
        <pin num="11" name="PC1" type="3state"/>
        <pin num="12" name="PC2" type="3state"/>
        <pin num="13" name="PC3" type="3state"/>
        <pin num="14" name="PC4" type="3state"/>
        <pin num="15" name="PC5" type="3state"/>
        <pin num="16" name="PC6" type="3state"/>
        <pin num="17" name="PC7" type="3state"/>
        <pin num="18" name="GND" type="passive"/>
        <pin num="19" name="VCC" type="power_in"/>
        <pin num="20" name="PD0" type="3state"/>
        <pin num="21" name="PD1" type="3state"/>
        <pin num="22" name="PD2" type="3state"/>
        <pin num="23" name="PD3" type="3state"/>
        <pin num="24" name="PD4" type="3state"/>
        <pin num="25" name="PD5" type="3state"/>
        <pin num="26" name="PD6" type="3state"/>
        <pin num="27" name="PD7" type="3state"/>
        <pin num="28" name="PE0" type="3state"/>
        <pin num="29" name="PE1" type="3state"/>
        <pin num="30" name="GND" type="passive"/>
        <pin num="31" name="VCC" type="power_in"/>
        <pin num="32" name="PE2" type="3state"/>
        <pin num="33" name="PE3" type="3state"/>
        <pin num="34" name="PDI_DATA" type="input"/>
        <pin num="35" name="~RESET~/PDI_CLK" type="input"/>
        <pin num="36" name="PR0/XTAL2" type="3state"/>
        <pin num="37" name="PR1/XTAL1" type="3state"/>
        <pin num="38" name="GND" type="power_in"/>
        <pin num="39" name="AVCC" type="power_in"/>
        <pin num="40" name="AREFA/PA0" type="3state"/>
        <pin num="41" name="PA1" type="3state"/>
        <pin num="42" name="PA2" type="3state"/>
        <pin num="43" name="PA3" type="3state"/>
        <pin num="44" name="PA4" type="3state"/>
      </pins>
    </libpart>
    <libpart lib="simpleStat2_library" part="LMP7704">
      <description>LMP7704</description>
      <docs>~</docs>
      <footprints>
        <fp>SOIC*3.9x8.7mm*P1.27mm*</fp>
        <fp>DIP*W7.62mm*</fp>
        <fp>TSSOP*4.4x5mm*P0.65mm*</fp>
        <fp>SSOP*5.3x6.2mm*P0.65mm*</fp>
      </footprints>
      <fields>
        <field name="Reference">U</field>
        <field name="Value">LMP7704</field>
      </fields>
      <pins>
        <pin num="1" name="~" type="output"/>
        <pin num="2" name="-" type="input"/>
        <pin num="3" name="+" type="input"/>
        <pin num="4" name="V+" type="power_in"/>
        <pin num="5" name="+" type="input"/>
        <pin num="6" name="-" type="input"/>
        <pin num="7" name="~" type="output"/>
        <pin num="8" name="~" type="output"/>
        <pin num="9" name="-" type="input"/>
        <pin num="10" name="+" type="input"/>
        <pin num="11" name="V-" type="power_in"/>
        <pin num="12" name="+" type="input"/>
        <pin num="13" name="-" type="input"/>
        <pin num="14" name="~" type="output"/>
      </pins>
    </libpart>
    <libpart lib="simpleStat2_library" part="MAX4617">
      <fields>
        <field name="Reference">U</field>
        <field name="Value">MAX4617</field>
        <field name="Footprint">Package_SO:SOIC-16_3.9x9.9mm_P1.27mm</field>
      </fields>
      <pins>
        <pin num="1" name="X4" type="passive"/>
        <pin num="2" name="X6" type="passive"/>
        <pin num="3" name="X" type="passive"/>
        <pin num="4" name="X7" type="passive"/>
        <pin num="5" name="X5" type="passive"/>
        <pin num="6" name="Enable" type="passive"/>
        <pin num="7" name="N.C" type="passive"/>
        <pin num="8" name="GND" type="passive"/>
        <pin num="9" name="C" type="passive"/>
        <pin num="10" name="B" type="passive"/>
        <pin num="11" name="A" type="passive"/>
        <pin num="12" name="X3" type="passive"/>
        <pin num="13" name="X0" type="passive"/>
        <pin num="14" name="X1" type="passive"/>
        <pin num="15" name="X2" type="passive"/>
        <pin num="16" name="Vcc" type="passive"/>
      </pins>
    </libpart>
    <libpart lib="simpleStat2_library" part="MAX4737_v2">
      <fields>
        <field name="Reference">U</field>
        <field name="Value">MAX4737_v2</field>
      </fields>
      <pins>
        <pin num="1" name="NO1" type="passive"/>
        <pin num="2" name="COM1" type="passive"/>
        <pin num="3" name="NO2" type="passive"/>
        <pin num="4" name="COM2" type="passive"/>
        <pin num="5" name="IN2" type="passive"/>
        <pin num="6" name="IN3" type="passive"/>
        <pin num="7" name="GND" type="passive"/>
        <pin num="8" name="NO3" type="passive"/>
        <pin num="9" name="COM3" type="passive"/>
        <pin num="10" name="COM4" type="passive"/>
        <pin num="11" name="NO4" type="passive"/>
        <pin num="12" name="IN4" type="passive"/>
        <pin num="13" name="IN1" type="passive"/>
        <pin num="14" name="V+" type="passive"/>
      </pins>
    </libpart>
    <libpart lib="simpleStat2_library" part="MAX5491">
      <footprints>
        <fp>SOT23</fp>
      </footprints>
      <fields>
        <field name="Reference">U</field>
        <field name="Value">MAX5491</field>
        <field name="Footprint">Package_TO_SOT_SMD:SOT-23</field>
      </fields>
      <pins>
        <pin num="1" name="1" type="input"/>
        <pin num="2" name="2" type="input"/>
        <pin num="3" name="3" type="output"/>
      </pins>
    </libpart>
    <libpart lib="simpleStat2_library" part="REF2912">
      <aliases>
        <alias>MAX6101</alias>
        <alias>MAX6102</alias>
        <alias>MAX6103</alias>
        <alias>MAX6104</alias>
        <alias>MAX6105</alias>
        <alias>MAX6106</alias>
        <alias>MAX6107</alias>
      </aliases>
      <description>Low-dropout high current voltage reference, 1.800V, ±0.4% accuracy, SOT-23</description>
      <docs>http://datasheets.maximintegrated.com/en/ds/MAX6100-MAX6107.pdf</docs>
      <footprints>
        <fp>SOT?23*</fp>
      </footprints>
      <fields>
        <field name="Reference">U</field>
        <field name="Value">REF2912</field>
        <field name="Footprint">Package_TO_SOT_SMD:SOT-23</field>
      </fields>
      <pins>
        <pin num="1" name="IN" type="power_in"/>
        <pin num="2" name="OUT" type="power_out"/>
        <pin num="3" name="GND" type="power_in"/>
      </pins>
    </libpart>
  </libparts>
  <libraries>
    <library logical="Connector">
      <uri>C:\Program Files\KiCad\share\kicad\library/Connector.lib</uri>
    </library>
    <library logical="Connector_Generic">
      <uri>C:\Program Files\KiCad\share\kicad\library/Connector_Generic.lib</uri>
    </library>
    <library logical="Device">
      <uri>C:\Program Files\KiCad\share\kicad\library/Device.lib</uri>
    </library>
    <library logical="Switch">
      <uri>C:\Program Files\KiCad\share\kicad\library/Switch.lib</uri>
    </library>
    <library logical="simpleStat2_library">
      <uri>C:/Users/vib10128/ShareFile/Personal Folders/11 SIMPLESTAT/HardwareRepository/simpleStat2_core/simpleStat2_core/simpleStat2_library.lib</uri>
    </library>
  </libraries>
  <nets>
    <net code="1" name="GND">
      <node ref="C4" pin="2"/>
      <node ref="C3" pin="2"/>
      <node ref="C2" pin="2"/>
      <node ref="C1" pin="2"/>
      <node ref="SW1" pin="2"/>
      <node ref="J1" pin="5"/>
      <node ref="J3" pin="38"/>
      <node ref="J3" pin="8"/>
      <node ref="U7" pin="6"/>
      <node ref="U7" pin="8"/>
      <node ref="U3" pin="3"/>
      <node ref="J3" pin="30"/>
      <node ref="U4" pin="2"/>
      <node ref="U1" pin="11"/>
      <node ref="U6" pin="7"/>
      <node ref="U2" pin="38"/>
      <node ref="U2" pin="38"/>
      <node ref="U2" pin="8"/>
      <node ref="U2" pin="18"/>
      <node ref="U2" pin="18"/>
      <node ref="U2" pin="30"/>
      <node ref="U2" pin="30"/>
      <node ref="J3" pin="18"/>
    </net>
    <net code="2" name="Net-(R8-Pad2)">
      <node ref="U7" pin="4"/>
      <node ref="R8" pin="2"/>
    </net>
    <net code="3" name="Net-(R7-Pad2)">
      <node ref="U7" pin="2"/>
      <node ref="R7" pin="2"/>
    </net>
    <net code="4" name="Net-(R6-Pad2)">
      <node ref="R6" pin="2"/>
      <node ref="U7" pin="5"/>
    </net>
    <net code="5" name="Net-(R5-Pad2)">
      <node ref="U7" pin="1"/>
      <node ref="R5" pin="2"/>
    </net>
    <net code="6" name="Net-(R4-Pad2)">
      <node ref="R4" pin="2"/>
      <node ref="U7" pin="12"/>
    </net>
    <net code="7" name="Net-(R3-Pad2)">
      <node ref="R3" pin="2"/>
      <node ref="U7" pin="15"/>
    </net>
    <net code="8" name="Net-(R10-Pad2)">
      <node ref="SW1" pin="1"/>
      <node ref="R10" pin="2"/>
    </net>
    <net code="9" name="/RESET">
      <node ref="R10" pin="1"/>
      <node ref="J3" pin="35"/>
      <node ref="R9" pin="2"/>
      <node ref="U2" pin="35"/>
    </net>
    <net code="10" name="/REF">
      <node ref="J4" pin="2"/>
      <node ref="U1" pin="10"/>
      <node ref="J2" pin="2"/>
    </net>
    <net code="11" name="/CNTR">
      <node ref="J4" pin="1"/>
      <node ref="J2" pin="1"/>
      <node ref="U6" pin="11"/>
    </net>
    <net code="12" name="/WKG">
      <node ref="J2" pin="3"/>
      <node ref="U6" pin="4"/>
      <node ref="J4" pin="3"/>
    </net>
    <net code="13" name="/SW3_COM">
      <node ref="J4" pin="8"/>
      <node ref="U6" pin="9"/>
    </net>
    <net code="14" name="/SW1_COM">
      <node ref="U6" pin="2"/>
      <node ref="J4" pin="6"/>
    </net>
    <net code="15" name="/SW1_NO">
      <node ref="J4" pin="5"/>
      <node ref="U6" pin="1"/>
    </net>
    <net code="16" name="Net-(J4-Pad4)">
      <node ref="J4" pin="4"/>
    </net>
    <net code="17" name="/PD5">
      <node ref="U2" pin="25"/>
      <node ref="J3" pin="25"/>
    </net>
    <net code="18" name="/PR0">
      <node ref="U2" pin="36"/>
      <node ref="J3" pin="36"/>
    </net>
    <net code="19" name="/PDI">
      <node ref="J3" pin="34"/>
      <node ref="U2" pin="34"/>
    </net>
    <net code="20" name="/PE3">
      <node ref="J3" pin="33"/>
      <node ref="U2" pin="33"/>
    </net>
    <net code="21" name="/PE2">
      <node ref="J3" pin="32"/>
      <node ref="U2" pin="32"/>
    </net>
    <net code="22" name="/PE1">
      <node ref="J3" pin="29"/>
      <node ref="U2" pin="29"/>
    </net>
    <net code="23" name="/PE0">
      <node ref="J3" pin="28"/>
      <node ref="U2" pin="28"/>
    </net>
    <net code="24" name="/PR1">
      <node ref="J3" pin="37"/>
      <node ref="U2" pin="37"/>
    </net>
    <net code="25" name="/PD4">
      <node ref="J3" pin="24"/>
      <node ref="U2" pin="24"/>
    </net>
    <net code="26" name="/PD2">
      <node ref="U2" pin="22"/>
      <node ref="U7" pin="10"/>
      <node ref="J3" pin="22"/>
    </net>
    <net code="27" name="/PD1">
      <node ref="U2" pin="21"/>
      <node ref="U7" pin="11"/>
      <node ref="J3" pin="21"/>
    </net>
    <net code="28" name="/PD0">
      <node ref="J3" pin="20"/>
      <node ref="U2" pin="20"/>
    </net>
    <net code="29" name="Net-(U1-Pad13)">
      <node ref="U5" pin="3"/>
      <node ref="U1" pin="13"/>
    </net>
    <net code="30" name="Net-(J1-Pad6)">
      <node ref="J1" pin="6"/>
    </net>
    <net code="31" name="Net-(J1-Pad4)">
      <node ref="J1" pin="4"/>
    </net>
    <net code="32" name="/PD7">
      <node ref="J3" pin="27"/>
      <node ref="U2" pin="27"/>
      <node ref="J1" pin="3"/>
    </net>
    <net code="33" name="/PD6">
      <node ref="J3" pin="26"/>
      <node ref="J1" pin="2"/>
      <node ref="U2" pin="26"/>
    </net>
    <net code="34" name="Net-(U1-Pad8)">
      <node ref="U1" pin="9"/>
      <node ref="U1" pin="8"/>
      <node ref="U5" pin="2"/>
    </net>
    <net code="35" name="Net-(U1-Pad3)">
      <node ref="U4" pin="3"/>
      <node ref="U1" pin="3"/>
      <node ref="U1" pin="5"/>
    </net>
    <net code="36" name="/SW3_NO">
      <node ref="U6" pin="8"/>
      <node ref="J4" pin="7"/>
    </net>
    <net code="37" name="Net-(U1-Pad14)">
      <node ref="U1" pin="14"/>
      <node ref="U6" pin="10"/>
    </net>
    <net code="38" name="Net-(U1-Pad12)">
      <node ref="U1" pin="7"/>
      <node ref="U1" pin="6"/>
      <node ref="U1" pin="12"/>
    </net>
    <net code="39" name="Net-(U7-Pad7)">
      <node ref="U7" pin="7"/>
    </net>
    <net code="40" name="/VBUS">
      <node ref="U2" pin="39"/>
      <node ref="U6" pin="14"/>
      <node ref="U7" pin="16"/>
      <node ref="U1" pin="4"/>
      <node ref="C4" pin="1"/>
      <node ref="U2" pin="31"/>
      <node ref="U2" pin="19"/>
      <node ref="U2" pin="19"/>
      <node ref="U3" pin="1"/>
      <node ref="U2" pin="9"/>
      <node ref="C3" pin="1"/>
      <node ref="C1" pin="1"/>
      <node ref="U2" pin="31"/>
      <node ref="R9" pin="1"/>
      <node ref="C2" pin="1"/>
      <node ref="J1" pin="1"/>
    </net>
    <net code="41" name="Net-(R2-Pad2)">
      <node ref="R2" pin="2"/>
      <node ref="U7" pin="14"/>
    </net>
    <net code="42" name="Net-(R1-Pad1)">
      <node ref="U6" pin="3"/>
      <node ref="R1" pin="1"/>
      <node ref="U1" pin="2"/>
      <node ref="R2" pin="1"/>
      <node ref="R3" pin="1"/>
      <node ref="R8" pin="1"/>
      <node ref="R4" pin="1"/>
      <node ref="R5" pin="1"/>
      <node ref="R6" pin="1"/>
      <node ref="R7" pin="1"/>
    </net>
    <net code="43" name="/PA3">
      <node ref="U6" pin="6"/>
      <node ref="U2" pin="43"/>
      <node ref="J3" pin="43"/>
    </net>
    <net code="44" name="/Vcc">
      <node ref="J3" pin="19"/>
      <node ref="J3" pin="31"/>
      <node ref="J3" pin="9"/>
    </net>
    <net code="45" name="/PB3">
      <node ref="U2" pin="7"/>
      <node ref="U1" pin="1"/>
      <node ref="J3" pin="7"/>
      <node ref="U7" pin="3"/>
    </net>
    <net code="46" name="/PB2">
      <node ref="U2" pin="6"/>
      <node ref="J3" pin="6"/>
      <node ref="U5" pin="1"/>
    </net>
    <net code="47" name="/PB1">
      <node ref="U2" pin="5"/>
      <node ref="J3" pin="5"/>
    </net>
    <net code="48" name="/PA4">
      <node ref="J3" pin="44"/>
      <node ref="U2" pin="44"/>
    </net>
    <net code="49" name="/PA2">
      <node ref="U2" pin="42"/>
      <node ref="U6" pin="13"/>
      <node ref="J3" pin="42"/>
    </net>
    <net code="50" name="/PA1">
      <node ref="J3" pin="41"/>
      <node ref="U6" pin="5"/>
      <node ref="U2" pin="41"/>
    </net>
    <net code="51" name="/PA0">
      <node ref="J3" pin="40"/>
      <node ref="U2" pin="40"/>
      <node ref="U6" pin="12"/>
    </net>
    <net code="52" name="/VREF">
      <node ref="U3" pin="2"/>
      <node ref="J3" pin="4"/>
      <node ref="U4" pin="1"/>
      <node ref="U2" pin="4"/>
    </net>
    <net code="53" name="/AVcc">
      <node ref="J3" pin="39"/>
    </net>
    <net code="54" name="Net-(R1-Pad2)">
      <node ref="U7" pin="13"/>
      <node ref="R1" pin="2"/>
    </net>
    <net code="55" name="/PA7">
      <node ref="J3" pin="3"/>
      <node ref="U2" pin="3"/>
    </net>
    <net code="56" name="/PD3">
      <node ref="J3" pin="23"/>
      <node ref="U2" pin="23"/>
      <node ref="U7" pin="9"/>
    </net>
    <net code="57" name="/PA6">
      <node ref="J3" pin="2"/>
      <node ref="U2" pin="2"/>
    </net>
    <net code="58" name="/PC7">
      <node ref="U2" pin="17"/>
      <node ref="J3" pin="17"/>
    </net>
    <net code="59" name="/PC6">
      <node ref="J3" pin="16"/>
      <node ref="U2" pin="16"/>
    </net>
    <net code="60" name="/PC5">
      <node ref="J3" pin="15"/>
      <node ref="U2" pin="15"/>
    </net>
    <net code="61" name="/PC4">
      <node ref="J3" pin="14"/>
      <node ref="U2" pin="14"/>
    </net>
    <net code="62" name="/PC3">
      <node ref="J3" pin="13"/>
      <node ref="U2" pin="13"/>
    </net>
    <net code="63" name="/PC2">
      <node ref="U2" pin="12"/>
      <node ref="J3" pin="12"/>
    </net>
    <net code="64" name="/PC1">
      <node ref="U2" pin="11"/>
      <node ref="J3" pin="11"/>
    </net>
    <net code="65" name="/PC0">
      <node ref="J3" pin="10"/>
      <node ref="U2" pin="10"/>
    </net>
    <net code="66" name="/PA5">
      <node ref="U2" pin="1"/>
      <node ref="J3" pin="1"/>
    </net>
  </nets>
</export>
